{
    "providers": [
        {
            "type": "bitmap",
            "file": "minecraft:ranks/owner.png",
            "ascent": 8,
            "height": 8,
            "chars": ["\uE430"]
        },
        {
            "type": "bitmap",
            "file": "minecraft:ranks/npc.png",
            "ascent": 8,
            "height": 8,
            "chars": ["\uE801"]
        },
        {
            "type": "bitmap",
            "file": "minecraft:ranks/shop.png",
            "ascent": 8,
            "height": 8,
            "chars": ["\uE802"]
        },
        {
            "type": "bitmap",
            "file": "minecraft:ranks/orders.png",
            "ascent": 8,
            "height": 8,
            "chars": ["\uE803"]
        },
        {
            "type": "bitmap",
            "file": "minecraft:ranks/betatester.png",
            "ascent": 8,
            "height": 8,
            "chars": ["\uE804"]
        }
    ]
}
